id,sentiment,true_label
11911,0,0
4216,1,1
13135,0,0
29056,0,0
17311,0,0
16212,1,1
17662,1,1
6617,1,1
28742,0,0
29241,1,0
21756,1,1
28268,0,0
8754,1,1
2350,1,1
3270,1,1
8958,1,0
6544,1,1
27468,1,1
7586,1,1
19468,1,1
26034,1,1
16256,0,0
2830,1,1
17858,1,1
11376,1,1
25577,1,1
2680,0,0
24764,1,1
2905,1,1
8616,1,1
22397,0,0
19973,1,1
6873,1,1
3707,1,1
14569,0,0
8541,1,1
18370,0,0
8215,0,0
25373,1,1
26754,1,1
10063,0,0
17787,1,1
22134,0,1
4509,0,0
25812,1,1
1501,1,1
10730,0,0
23167,1,1
2646,1,1
17903,1,1
24742,0,0
1261,1,1
29544,1,1
6127,0,0
3108,1,1
10959,1,1
8692,1,1
3959,0,0
25358,1,1
5264,0,0
1401,1,1
21774,1,1
11784,1,1
24197,1,1
10134,1,1
20559,1,1
3479,1,1
18960,0,0
6002,0,0
11221,1,1
22770,1,1
12503,1,0
25279,0,0
14091,0,1
5249,0,0
19980,1,1
6323,0,0
10061,0,1
10753,1,1
15045,1,1
4467,0,0
6947,0,0
9928,0,0
16092,1,1
21611,0,0
26712,1,1
1739,1,1
5571,0,0
15357,0,0
25678,0,1
8905,0,0
28298,0,0
12655,0,0
11525,0,1
25840,1,1
29170,1,1
19832,1,1
16687,0,0
11652,0,1
21092,0,0
20223,0,0
455,1,1
29373,1,1
2262,0,0
6698,1,0
24344,0,0
23326,0,0
9623,1,1
2824,1,1
12676,1,1
29747,1,1
23381,0,1
13648,0,0
6062,0,0
14936,1,1
7925,0,0
28739,0,0
24365,0,1
22942,1,1
14719,1,1
26638,1,1
15300,1,1
17156,0,1
8708,0,0
21594,0,0
27190,1,1
27971,1,1
7113,0,0
19712,0,0
9114,1,1
28489,0,0
9702,1,1
21237,1,1
28013,1,1
14279,0,0
7778,1,1
7381,0,0
5154,1,1
1707,0,0
2887,0,0
5420,1,1
8912,0,0
24360,1,1
11923,0,0
26086,0,0
28886,1,1
23687,0,0
12769,1,1
815,0,1
341,0,0
28190,1,1
25179,0,0
9458,0,1
7347,0,0
12040,0,0
4361,0,0
648,0,0
13218,0,0
23370,1,1
24337,1,1
26655,0,0
21404,0,0
22119,0,0
4641,1,1
16729,1,1
8767,0,0
18673,1,1
27766,0,0
7461,0,0
29189,0,0
2032,1,1
26322,0,0
4144,0,0
2809,1,0
17425,0,0
14182,0,0
3436,1,1
25051,1,1
13686,1,1
5269,0,0
20392,1,1
24748,1,1
1813,1,1
12365,1,1
23906,0,0
22278,0,0
407,0,0
1387,0,0
25160,0,0
18725,0,0
1403,1,1
28866,0,0
27759,0,0
3591,0,0
13183,0,0
1113,1,1
25482,1,1
17920,1,1
24520,0,0
5578,1,1
4088,1,1
19605,1,1
25739,0,0
16802,0,0
17779,0,0
25782,0,0
26735,1,1
3366,0,0
3389,0,0
11782,0,0
17623,0,0
29567,1,1
16773,1,0
13983,0,0
13466,0,1
21777,0,0
10035,0,0
25265,0,0
4017,1,1
13951,1,1
14078,1,1
27424,1,1
29760,0,0
7299,1,1
20287,0,0
7965,1,1
26602,1,1
1947,1,1
12277,0,1
21871,0,1
16034,1,1
5839,1,1
2476,1,1
4524,0,0
24417,1,1
14050,1,1
12588,1,1
13035,1,1
11254,0,0
10221,0,0
2519,1,1
28727,0,1
15006,1,1
8788,1,1
4885,1,1
11727,0,0
9178,1,1
26453,0,0
2402,1,0
24070,0,0
23059,0,0
23885,1,1
21803,1,1
25440,0,0
29743,0,0
10950,1,1
24121,0,0
29979,0,0
1411,1,1
12329,0,0
18036,1,1
29842,0,0
26743,1,1
14812,1,1
8176,1,1
24999,1,0
5388,1,1
9763,1,1
12654,1,1
6202,1,1
5161,0,0
5636,0,0
16824,1,1
12377,0,0
28146,0,0
14685,1,1
12786,0,0
7328,1,1
29769,1,1
10206,0,0
4138,0,0
23877,0,0
9529,0,0
24016,0,0
139,0,0
19111,0,1
5639,1,1
14912,0,0
11578,1,1
21718,1,1
27494,1,1
20266,1,1
28062,1,1
3481,0,0
5654,1,1
12161,0,0
12272,0,0
18100,1,1
12721,1,1
7171,1,1
14718,0,0
7011,0,0
11676,1,1
13379,1,1
3186,0,0
17548,1,1
15078,1,1
27948,1,1
20031,1,1
9376,0,1
6518,1,1
8895,1,1
8106,0,0
24212,0,0
7841,0,0
15115,0,0
4447,0,0
17217,0,1
3149,1,1
25530,0,0
20973,0,0
14432,0,0
7575,1,0
5194,1,1
20179,0,0
25074,1,1
13712,0,0
28890,1,1
5943,1,1
25689,0,0
1374,0,0
29659,1,1
7688,1,1
2219,1,1
28030,1,1
14222,0,0
5701,0,0
3212,1,1
14076,0,1
17488,1,1
25846,1,1
975,1,0
2611,1,1
7988,1,1
22470,0,0
23290,0,0
7672,1,1
26329,0,0
17604,0,0
23315,0,0
20122,1,0
23488,1,1
22502,1,1
24773,1,1
10791,0,1
20056,1,1
27606,0,0
8159,0,0
19845,1,1
7774,0,0
16544,1,1
2286,0,0
5847,1,1
27823,1,1
13029,1,1
25461,1,1
1013,0,0
26787,1,1
153,1,1
22040,1,1
13860,0,0
27826,1,1
27278,0,0
8735,1,1
16355,1,1
10059,0,0
28826,1,1
7877,1,1
10904,1,1
29437,0,0
22936,0,0
27175,1,1
18732,1,1
26347,1,1
23500,0,0
17163,0,0
10323,0,0
9030,1,0
5257,0,0
1093,1,1
24580,0,0
10760,0,0
24772,1,0
1856,0,0
10105,1,1
21125,1,1
15492,0,0
17605,0,0
2655,1,1
11595,0,0
1899,1,1
29457,1,1
18595,1,1
7655,1,1
17271,0,0
9886,1,1
7068,0,0
16985,0,0
5410,0,0
27118,1,1
29580,1,1
28167,1,1
12933,1,1
20380,1,1
16003,0,1
4114,0,1
20578,1,1
27374,0,0
24667,0,1
17543,1,1
16202,1,1
18079,1,0
102,0,0
13149,0,1
18815,0,0
18981,1,1
27617,1,1
15321,0,0
17246,0,0
8443,0,0
28686,0,0
8681,1,1
12400,1,1
29880,1,1
23392,1,0
2303,0,0
12047,1,1
24500,0,0
27433,1,1
24637,1,1
26152,0,0
26625,0,0
4977,0,0
23659,1,1
22364,1,1
2925,0,0
68,0,0
10289,1,1
944,0,0
27358,1,1
23934,0,0
8252,0,0
10322,0,0
715,1,1
366,1,1
14601,0,0
21530,0,0
27508,0,1
915,1,1
11810,0,0
2705,0,0
3747,0,1
10067,0,0
24194,0,0
6479,0,0
7728,1,1
3373,0,0
13340,0,0
16695,1,1
19386,1,1
9846,1,1
2202,0,0
24816,0,0
24958,1,1
22291,1,1
25236,1,1
28863,1,1
25603,0,1
15410,0,0
876,1,1
6034,1,1
29222,0,0
5378,0,0
26868,1,1
6636,0,0
18961,0,0
21206,0,1
25491,0,0
176,0,1
12559,1,1
1291,0,0
21613,1,1
29695,0,0
22715,1,1
27331,1,1
8070,0,0
14855,0,0
11227,1,1
23207,0,0
29906,1,1
28281,0,0
23703,1,1
18693,1,1
1085,0,0
23050,1,1
16124,1,0
7544,0,0
10390,1,1
10133,1,1
18304,1,1
10371,0,0
18398,1,1
930,0,1
28161,0,0
16190,1,1
20402,1,1
3869,0,0
19492,1,1
29671,1,0
18377,1,1
14042,0,0
22025,0,0
11200,0,0
2461,0,0
817,1,1
28371,1,1
29177,1,1
17269,0,0
17146,1,1
21710,1,1
23712,0,0
10147,1,1
12636,0,0
15441,0,0
18984,0,0
23081,0,0
1206,1,1
16248,0,0
9657,1,1
27753,1,1
5357,1,1
18305,0,0
1847,1,1
11329,0,0
392,1,1
18228,0,0
1072,0,0
427,0,1
4278,1,1
3718,1,1
4396,0,0
13997,0,0
29128,1,1
24659,1,1
13146,0,0
18554,1,1
5875,1,1
27947,0,0
17478,1,1
27464,1,1
9158,1,1
15188,1,1
7155,0,0
29356,1,1
26898,1,1
28569,0,1
3169,0,0
961,1,1
13511,0,0
143,0,0
11495,0,0
27849,0,0
6176,1,1
18778,1,1
29923,1,1
27981,0,0
17325,0,0
13980,1,1
12645,1,1
14113,0,0
7006,0,0
13120,0,0
2762,0,0
28796,1,1
17479,0,0
23150,1,1
6818,0,0
13116,0,0
14646,0,0
27350,1,1
10180,1,1
16258,1,1
22392,1,1
9224,1,1
11824,1,1
9182,1,1
5784,0,0
1983,1,1
27723,1,1
22680,0,0
945,0,0
12188,0,0
25579,1,1
15915,1,1
24248,1,1
7106,0,1
2613,1,1
16649,0,0
720,0,0
24484,1,1
24205,0,0
24017,1,1
28409,0,0
11667,0,0
9334,0,0
4082,1,1
7682,0,1
7967,0,0
11234,0,0
11876,1,1
712,1,0
3641,1,1
1689,1,1
20783,1,1
10570,0,0
1454,0,0
2052,1,1
7500,0,0
28617,1,1
4543,0,1
24025,0,1
9849,0,1
7678,0,0
23765,0,0
1421,1,1
23880,1,1
2254,0,0
9336,1,0
6405,0,1
313,0,0
6542,1,1
24377,1,0
23267,0,0
5745,0,0
18475,0,0
13995,0,0
11915,1,1
28445,0,0
2870,0,0
18733,0,1
25949,1,1
8191,1,1
7050,1,1
4214,0,0
2212,0,0
25121,0,0
27236,1,1
8203,1,1
16171,1,1
21284,0,0
14289,1,0
8907,1,1
21511,1,1
20202,1,1
22455,1,1
11032,1,1
3175,1,1
25800,1,1
18480,0,0
20795,1,1
15413,0,0
228,0,0
4057,0,0
15203,1,1
5800,1,1
10058,0,0
4426,0,0
19580,0,0
11790,1,1
1929,0,0
8256,1,1
4264,1,1
16699,1,1
24978,1,1
6168,1,1
26095,0,0
14725,0,0
16362,0,0
16038,0,0
26750,1,1
1855,1,0
11887,1,1
27881,1,1
5741,1,1
17634,0,0
11240,1,1
2973,1,1
29535,1,1
20697,0,1
15004,0,0
9946,0,0
11026,1,1
24828,1,1
15962,1,1
12345,1,1
15534,0,0
1901,1,1
26167,0,0
6534,1,1
12606,1,1
18611,1,1
5598,1,1
14846,1,1
22362,0,1
20305,0,0
9052,0,0
14683,1,1
25061,1,1
6562,0,0
29024,1,1
28768,0,0
13397,0,0
3862,0,1
458,0,0
1045,1,1
8250,0,0
1812,1,1
22411,0,0
8053,1,0
25487,1,1
17644,1,1
18106,1,1
29256,0,0
13235,0,0
16694,0,0
3359,0,0
6293,0,1
5685,0,0
16211,1,1
8804,0,0
15378,0,0
6055,0,0
5975,0,0
15892,0,0
6615,0,0
6865,1,1
25422,1,1
10317,0,0
13180,0,0
5507,1,1
9261,1,1
4552,1,1
24735,0,0
27287,0,0
11803,1,1
29682,0,0
29135,1,1
23082,1,1
29060,0,0
6627,1,1
23169,0,0
8097,1,1
4772,1,1
19553,0,0
17566,1,1
15653,0,1
5237,0,0
11113,1,1
29223,0,0
10937,1,1
19324,0,0
27417,0,0
16841,1,1
14722,0,0
22803,1,1
1759,1,1
4624,0,0
4967,1,1
8618,1,1
11389,1,1
11585,1,0
18852,1,1
19606,1,1
1428,0,0
9234,0,0
8732,0,1
9146,0,1
1926,1,1
12072,1,1
12572,1,1
23074,1,1
20982,1,1
3848,0,0
26881,0,0
11498,1,1
26981,0,0
13788,1,1
179,1,1
10397,0,0
10097,1,1
14638,1,1
25224,0,0
4279,0,0
20593,1,1
19549,1,1
20444,1,1
5206,1,1
16561,1,1
2969,1,1
2826,0,0
23158,1,1
21008,0,0
27441,0,0
18434,0,0
28877,0,0
22161,0,0
2146,0,0
16763,1,1
17688,1,1
6269,0,0
19184,1,1
7404,1,1
21000,0,0
21929,1,1
17389,1,1
29959,1,1
117,0,0
507,1,1
10779,0,0
11906,1,1
23240,1,1
3903,0,0
21961,1,1
28463,1,1
17622,1,1
22431,1,1
28930,1,0
23453,1,1
11646,0,0
21892,0,0
28661,1,1
22424,1,1
22492,0,0
18025,1,1
13115,0,0
6226,1,1
17158,0,1
8148,1,1
5106,0,0
4117,0,0
27480,0,0
14156,0,1
20068,1,0
16594,0,0
19825,0,0
5659,0,1
26941,0,0
2842,1,1
17737,1,1
13508,1,1
24310,0,0
18029,1,1
4717,1,1
9375,1,1
28912,0,0
25369,0,1
23676,1,1
20709,1,1
11550,1,1
4670,1,1
29423,0,0
12315,0,0
3720,0,1
17031,1,1
5434,0,0
7285,0,0
14766,0,1
24814,1,1
28137,0,0
19164,1,1
12134,1,1
671,1,1
15016,1,1
4386,1,1
8109,1,1
19894,1,1
1819,1,1
20567,1,1
651,0,0
8808,1,1
21355,1,1
26357,0,0
29344,1,1
16321,0,0
9906,0,0
25027,1,1
24757,1,1
26900,1,1
8774,0,0
11931,1,1
23690,1,1
1981,0,1
27523,1,1
24480,1,0
19504,1,1
2283,1,1
24429,1,1
19821,1,1
11207,0,0
4362,0,0
2298,0,0
29383,1,1
22030,0,0
27636,0,0
20256,0,0
10412,1,1
6352,0,0
4738,1,1
28725,1,1
28369,0,0
19361,1,1
1432,0,0
278,1,1
23942,1,1
22434,1,1
2653,0,1
4455,1,1
16795,0,0
17693,1,1
13422,0,1
29459,1,1
12016,0,0
18698,0,0
13404,1,1
13008,1,1
29862,1,1
1317,1,1
13477,1,1
21952,1,1
2707,0,0
7293,0,0
9385,0,1
17394,1,1
28780,1,1
9835,1,1
29499,1,1
16651,1,1
17344,1,1
10865,1,1
26598,0,0
27312,0,0
21482,1,1
29451,0,0
9289,0,0
3089,0,1
22853,1,1
22034,1,1
8467,1,1
13437,1,1
2871,0,0
15254,1,1
25859,0,0
11488,1,1
26509,0,0
27397,1,1
12678,1,1
11741,1,1
9279,0,0
9281,1,1
8010,1,1
10987,0,0
9588,0,0
16380,0,0
12533,0,0
23597,1,1
26270,1,1
18655,0,0
24398,1,1
1792,1,1
25708,0,0
13714,1,1
27724,1,1
17754,1,1
29395,1,1
12748,1,1
4161,1,1
4784,0,1
7970,1,1
24723,0,0
17008,1,1
6285,1,1
25798,1,1
17450,1,1
11669,0,0
15791,0,0
11861,1,1
12714,1,1
29802,1,1
3304,1,1
24857,1,1
24346,0,1
6456,1,1
11163,1,1
13684,0,0
13962,0,0
23044,1,1
26848,0,0
12222,0,0
6871,0,0
27808,0,0
15108,0,0
27883,1,1
3600,0,0
25248,1,1
59,0,0
11108,1,1
10879,1,1
293,0,0
23620,0,0
20831,0,0
10460,0,0
27066,1,1
8887,0,0
23225,0,0
29224,0,0
5217,0,0
13676,0,0
13906,1,1
26968,0,0
29528,0,0
19952,0,0
6600,0,1
13165,1,1
25205,1,1
21935,1,1
12429,0,0
835,1,1
17710,1,1
7773,1,1
14589,0,0
22568,0,0
22870,0,1
12817,1,1
10630,1,1
18998,1,1
5022,1,1
27956,1,1
17766,1,1
6782,0,0
7863,0,0
6667,1,1
14992,1,1
11132,1,1
27399,0,0
8575,1,1
7852,1,1
28380,1,1
2787,1,1
13949,1,1
16418,0,0
11564,0,0
8195,0,0
26707,1,1
17451,1,1
27470,0,0
25550,0,0
4712,1,1
28332,0,1
20107,0,0
15147,0,0
6569,1,1
20217,1,1
19345,1,1
8438,1,1
17239,1,1
25912,0,0
29044,1,1
22247,0,0
28292,1,1
19432,1,0
25675,1,1
8950,0,1
29493,0,0
2880,0,0
28628,0,0
29045,1,1
18072,1,1
15035,1,1
12794,1,0
8513,1,1
17443,1,1
19229,1,1
5553,1,1
317,0,0
622,0,0
10774,1,1
19657,1,1
10926,0,0
24616,1,0
21775,1,1
23018,0,1
1708,1,1
15968,1,1
26226,1,1
7167,1,1
22135,1,1
12140,0,1
14621,0,0
25285,1,1
14538,1,1
22667,0,0
11616,0,0
11504,0,1
20373,0,0
28422,1,1
27277,0,0
5293,0,0
18800,0,0
25485,1,1
8049,1,1
3756,1,1
25683,1,1
12764,0,1
6296,1,1
10519,1,1
17793,0,0
7966,0,0
10272,1,1
17288,1,1
26876,0,0
12064,1,1
20935,1,1
6344,1,1
26265,1,1
28455,0,0
22202,1,1
54,0,0
11130,1,0
18157,1,1
24969,0,0
2158,1,1
22908,0,0
17951,1,1
26855,0,0
8348,1,1
27806,1,1
23270,1,1
5113,1,1
10574,0,1
3877,1,1
5985,1,1
18153,0,0
23742,1,1
7318,0,0
7749,1,1
14963,1,1
7236,0,0
23163,1,1
8444,1,1
16296,0,0
2082,1,1
778,1,1
20390,1,1
27728,0,0
15562,0,0
25768,1,1
20582,1,1
571,1,1
5251,0,0
29764,0,0
19990,1,1
21662,0,0
9251,1,1
8281,1,1
26550,1,1
3242,1,1
21316,0,0
9218,1,1
18447,1,0
1447,0,1
22545,1,1
11055,0,0
22180,0,0
23433,0,0
20006,1,1
16800,0,1
19445,1,1
15909,0,0
22091,0,0
14322,0,1
12723,1,1
9606,0,0
26757,1,1
18695,1,1
23780,1,1
1917,1,1
10025,0,0
27611,0,0
12298,1,1
14567,0,0
18442,1,1
6955,1,1
17006,1,1
15850,0,0
14737,0,0
13813,1,1
12808,1,1
2963,1,1
17500,0,0
19069,0,0
4072,1,1
16938,1,1
15982,0,0
28832,0,0
4686,1,0
11921,1,1
14056,0,0
25192,1,1
3226,1,1
29121,1,1
7362,1,1
7621,0,0
17552,1,1
22084,0,0
2970,0,0
1055,1,1
3338,0,0
10727,0,0
3217,0,0
27754,1,1
26975,0,0
967,0,0
27903,1,1
24338,1,1
6177,0,0
16840,0,0
3754,1,1
29525,1,1
1203,0,0
17136,0,0
22734,0,0
3196,1,1
27864,1,1
24566,0,0
7379,1,1
24959,1,1
29845,1,1
15162,1,1
133,0,0
5121,0,0
6017,1,1
26800,1,1
11998,0,1
13312,1,1
20901,1,1
23593,0,0
5132,0,0
5766,0,0
7421,0,0
8276,1,1
28345,0,1
13355,0,0
26504,0,0
11885,0,0
10086,0,0
11511,1,1
17973,1,1
20974,1,1
11775,1,1
29214,1,1
28470,1,1
6869,1,1
20815,1,1
15860,1,1
14487,1,1
29501,0,0
11170,1,1
27670,0,0
29235,1,1
3637,1,1
8137,0,0
6622,1,1
21548,1,1
16807,1,1
14010,0,1
19330,1,1
11945,1,1
11375,1,1
23256,1,1
2001,0,1
8082,0,1
13177,1,1
19654,0,1
289,1,1
20754,1,1
25200,1,1
15803,1,0
15610,1,1
7854,1,1
1859,0,0
13830,1,1
8327,1,1
26276,1,1
22494,0,0
16574,0,0
14988,1,1
2059,1,1
252,0,0
14429,1,1
11833,1,1
28819,1,1
14736,0,0
27346,0,0
24538,0,1
28207,1,0
4995,0,0
20064,1,1
20076,1,1
2003,0,0
1582,0,1
10238,0,0
21109,1,1
14001,0,0
3673,0,0
18751,0,0
24220,1,1
16976,0,1
9266,0,0
28853,0,0
27909,1,1
17928,1,1
11296,1,1
15222,0,0
7064,1,1
1974,0,0
25163,1,1
26994,0,1
11156,1,1
5402,1,1
10855,1,1
21556,0,0
16206,0,0
1009,0,0
22305,1,1
22831,1,1
12446,0,0
13187,1,1
21853,0,0
6987,0,0
12010,0,1
19052,0,0
16376,0,0
8239,0,0
10960,1,1
6098,0,0
16875,0,0
21567,1,0
13435,1,1
7367,1,1
13110,0,0
17393,0,0
19914,1,1
28556,1,1
17948,1,1
23316,1,1
14807,0,0
29065,0,0
27252,1,0
25631,0,0
17748,0,0
9090,1,1
28932,0,1
14968,1,1
13496,0,0
26916,1,1
3873,0,0
10155,1,0
4735,0,0
10015,1,1
19059,0,0
5696,0,0
7931,1,1
4004,0,0
2996,1,1
22768,1,1
25815,0,0
26551,0,0
19035,0,0
19639,1,1
20272,1,1
29270,0,0
163,1,1
4566,1,1
19310,0,0
15221,1,1
1883,1,1
5667,0,0
15582,1,1
9568,0,0
14133,0,0
14172,0,0
16846,1,1
20633,0,0
19849,0,0
9063,1,1
14496,1,1
10432,1,1
13398,1,1
27897,0,0
23000,1,1
556,0,0
2831,1,1
11401,0,1
8000,1,1
15808,0,1
13502,1,0
20888,1,1
8163,1,1
11228,1,1
8922,1,1
9546,0,0
27630,0,0
16686,0,1
3908,1,1
18417,1,0
19237,1,1
13856,0,0
28283,0,0
12900,1,1
20344,1,1
3402,1,1
26893,0,0
14829,1,1
8480,1,1
24941,1,1
2825,1,1
18443,0,0
8471,0,0
28539,1,1
7229,1,1
17050,0,0
17243,1,1
13049,1,1
8716,1,1
20029,0,0
17927,1,1
15102,1,1
13518,0,0
15742,1,1
1962,0,0
12018,0,0
12236,0,0
12785,0,0
8691,0,0
3429,0,0
25154,0,0
5832,1,1
14495,0,1
25993,1,1
9819,1,1
16669,0,0
22748,1,1
12640,1,1
26617,0,0
5488,1,1
18478,0,0
17154,1,1
12482,1,1
24229,1,1
8984,0,0
28758,1,1
13786,1,1
25861,0,0
16816,1,1
757,0,0
7668,0,0
9628,1,1
20397,1,1
18240,0,0
4036,0,0
26205,1,1
18711,0,1
14067,1,1
21098,0,0
9585,0,0
8838,0,0
22165,0,0
4059,1,1
711,1,1
13017,0,0
15517,0,0
8776,1,1
9598,0,0
11443,0,0
12122,1,1
26942,1,1
25842,1,1
16323,0,1
26907,0,0
29734,1,1
24392,1,1
28182,0,0
21778,1,1
27513,1,1
20963,0,0
8668,1,1
5809,0,0
15109,1,1
28493,1,1
8546,1,1
9976,1,1
17602,1,1
14825,0,0
23557,1,1
7697,0,0
3228,0,0
7958,1,1
24769,1,1
6691,1,1
186,0,0
5117,1,1
16577,0,1
22633,0,0
18849,1,1
1196,0,0
12639,0,0
25171,0,0
13590,1,0
23128,1,1
28163,0,0
2455,0,0
19038,0,0
12950,1,1
17323,0,0
105,1,1
26455,0,0
4901,0,0
21927,0,0
21363,1,1
20510,0,0
1187,1,1
1077,1,1
9848,0,0
12024,1,1
7397,1,1
29265,0,0
26905,0,0
20541,1,1
17359,0,0
24619,0,0
238,0,0
5686,0,0
6881,1,1
1571,0,0
26201,0,0
13602,1,1
8378,0,0
24611,1,1
22599,1,1
8717,1,1
19509,0,1
26012,1,1
20799,0,0
20428,1,1
10726,1,1
26090,0,1
8155,0,0
21782,0,0
1873,0,0
27939,1,1
13370,0,0
19472,0,0
3193,1,1
29310,0,0
27842,0,0
10084,1,1
13653,1,0
23057,0,0
420,1,1
24143,0,0
20602,1,1
6340,0,1
2285,0,0
28076,0,0
7647,0,0
18448,0,0
25077,0,0
14590,0,1
26304,1,1
10427,0,0
29140,1,1
23651,1,1
27001,0,0
22488,0,0
12294,0,1
783,0,1
16867,0,0
9129,1,1
1650,1,1
12925,0,1
1167,0,0
17562,1,1
8869,1,1
1166,1,0
8573,0,0
24644,1,1
877,1,1
16051,0,0
29020,1,0
26547,0,1
22319,0,0
2165,1,1
7599,1,1
22064,0,0
10204,1,1
26488,0,0
22123,1,1
24203,0,0
25513,0,1
5771,1,1
10029,0,0
12180,0,0
18343,1,1
20206,1,1
20621,1,1
10106,1,1
196,1,1
29778,1,1
29462,0,0
4402,1,1
2444,0,0
20527,0,0
8746,0,0
17072,1,1
3077,0,0
10921,1,0
5556,0,1
18586,1,1
15153,0,0
2484,1,1
10478,0,0
19406,1,1
7384,1,1
24754,1,1
27326,1,1
28450,0,0
10692,0,0
21405,1,1
1179,1,1
19754,0,0
22286,0,0
21624,0,1
1713,1,1
14525,1,1
11601,1,1
4659,1,1
11547,1,1
15212,0,0
7049,0,0
12358,1,1
3064,0,0
5075,0,0
26058,0,0
2799,1,1
4715,0,0
18226,1,1
19062,1,1
29289,0,0
17198,1,1
25403,1,0
13042,0,0
4050,1,1
24692,1,1
9393,0,0
5342,0,0
14783,0,1
19965,1,1
24981,0,0
21532,1,1
23499,0,0
9745,1,0
12801,0,0
3794,1,1
29426,0,0
24156,0,1
18650,0,0
5997,1,1
6406,1,0
10795,1,1
26610,0,0
11745,0,0
21527,0,0
2226,0,0
21155,1,1
19206,1,1
22963,1,1
3791,1,0
25310,0,0
21906,0,0
10193,0,0
6930,1,1
14468,0,0
8342,0,0
12530,0,1
18391,1,1
25908,0,0
24991,0,0
16762,1,1
43,1,1
25215,1,1
11195,0,0
16412,0,0
8563,0,0
12687,1,1
15724,1,1
4131,0,0
10476,0,0
5634,0,0
22430,1,1
27363,0,0
20118,1,1
13403,0,0
18789,0,0
10643,0,0
26381,0,0
8288,1,1
19731,0,0
27657,0,0
634,1,1
12859,1,1
29672,1,1
7797,1,1
2004,1,1
26792,0,0
11385,1,1
2856,1,0
20142,1,1
12978,1,1
20008,0,0
454,0,0
5836,0,0
25130,1,1
27970,1,1
14218,1,1
11572,1,1
24104,1,1
25745,0,0
28612,0,0
14480,0,0
16066,1,1
12939,1,1
13215,0,0
29285,0,1
9534,0,0
6388,1,1
5214,1,0
9643,0,0
1461,1,1
23591,0,0
464,0,0
5058,1,1
6189,1,1
20400,0,0
20342,0,0
18717,0,0
9495,0,0
13784,0,0
5845,0,0
11086,1,1
22975,0,0
7761,1,1
26468,0,0
24645,0,1
183,0,0
21327,0,0
20966,1,1
20661,0,0
7535,1,1
19655,0,0
3632,0,0
21052,0,0
24974,1,1
27030,0,0
13345,1,1
1767,1,1
22009,1,1
9274,1,1
15046,1,1
19683,1,1
18333,0,0
8954,0,0
7679,0,1
13374,1,1
8503,1,1
10072,0,1
16818,1,0
28232,0,0
286,0,0
14404,1,1
7675,1,0
23223,1,1
10631,0,0
13233,1,1
15448,0,0
12372,1,1
13287,1,1
5605,1,1
23821,0,0
2840,1,1
21936,1,1
2428,0,0
13679,0,0
10838,0,0
15715,0,0
20618,1,1
18046,0,0
14729,0,1
22211,1,1
22624,1,1
11323,0,0
18424,0,0
5122,0,0
742,1,1
27308,0,1
18472,1,1
3846,0,0
5203,0,0
10090,1,0
4541,1,1
21711,1,1
18446,1,1
5515,0,0
5722,1,1
6972,1,1
7490,0,0
13380,1,0
27456,1,1
8865,0,0
13253,0,0
6923,1,1
24653,1,1
22284,1,0
11982,1,1
20245,1,1
27021,1,1
21030,0,0
29942,1,1
28342,0,0
4849,0,0
23523,0,0
8885,0,0
29784,0,0
18200,0,0
5708,1,1
16467,1,1
6171,0,0
12088,1,1
25281,0,0
24347,1,1
11336,0,0
25973,1,1
29811,1,1
7880,1,0
18845,0,0
12388,0,0
22997,0,0
26827,1,1
2358,1,1
11951,0,0
29012,1,0
16490,0,0
1801,1,1
19743,1,1
20448,0,0
26348,0,1
25509,0,0
26862,0,0
25663,1,1
17444,0,1
8797,1,1
19258,1,1
5775,0,0
8864,1,1
12626,0,0
27348,1,1
10740,1,1
4227,0,1
2088,0,0
14461,1,1
2654,1,1
7896,0,0
7830,1,1
11178,0,0
10060,0,0
8857,1,1
21669,0,0
26326,1,1
18378,0,0
15000,0,0
6471,0,0
18125,1,1
19195,0,0
23004,0,0
28591,0,0
11030,0,0
24507,1,1
28507,0,0
9759,1,1
6081,0,0
15226,0,0
10832,1,1
11707,1,1
9627,1,1
21170,0,0
16965,0,0
20506,1,1
23007,1,1
3152,1,1
7386,1,1
3325,0,0
23093,1,1
20337,0,0
6280,1,1
24126,0,0
665,1,1
25785,1,1
28047,0,0
9097,1,1
3800,0,0
13175,0,0
29823,0,0
26947,1,1
18810,1,1
13982,1,1
8058,1,1
10443,1,1
21884,0,0
16495,0,0
6134,0,0
22059,1,1
23970,0,0
632,0,0
20958,0,0
27317,1,1
10642,0,0
17454,1,1
14269,1,1
8387,0,0
16410,0,0
16285,0,0
20418,1,1
3069,1,1
14665,0,0
17770,1,1
16968,0,1
21908,0,0
29910,1,1
14328,1,1
20950,1,1
869,0,0
18022,0,0
20038,1,1
11622,0,0
2483,1,1
13099,0,0
15668,1,1
18838,1,1
7361,1,1
21619,0,0
16915,0,0
2099,0,0
9862,1,1
9960,1,1
22477,0,0
7642,0,0
24961,0,0
9434,1,1
5129,0,0
5988,1,1
501,0,0
15464,0,0
26609,1,1
21253,0,0
747,1,1
14700,1,1
20915,1,1
27922,1,1
1157,1,1
19439,0,0
24686,1,1
1649,1,1
22131,1,1
5608,1,1
10674,0,0
27505,0,1
6308,0,0
4755,0,0
4270,0,0
28044,0,0
5277,1,1
709,1,1
2458,1,1
19368,0,0
1768,0,0
21016,1,1
29932,1,1
15701,0,1
2858,1,1
16925,0,1
24003,1,1
29651,1,1
27018,0,0
5256,1,1
3685,1,1
26618,0,0
14332,0,0
20615,1,1
3916,1,1
18104,0,0
21543,1,1
5881,1,1
22368,1,1
19730,1,1
25425,1,1
20626,1,1
22984,1,1
17081,0,0
13874,1,1
11662,1,1
9947,0,1
8883,1,0
1750,1,1
3342,0,0
8005,1,1
28675,1,1
7707,1,0
20259,1,0
23367,1,1
192,1,1
23979,1,1
15031,0,0
1765,1,0
8515,0,0
8133,0,0
28515,1,0
17088,0,0
29765,1,1
8314,1,1
16952,0,0
14353,1,1
10999,0,0
12017,1,1
7062,0,0
26705,1,1
12378,0,1
22350,1,1
27678,0,1
730,1,1
8001,0,0
23359,0,1
16150,0,0
17629,0,0
11749,0,0
25103,0,0
21319,0,0
4821,1,1
21864,0,0
16444,1,1
18313,0,0
13885,0,0
9896,0,0
14565,1,1
19584,1,1
9742,0,0
25694,0,0
9399,0,0
27916,0,0
13317,1,1
17721,0,0
13869,1,1
11956,1,1
19402,0,0
20374,0,0
14083,0,0
23086,0,0
22231,1,1
16040,1,1
1092,0,0
15807,1,1
20771,1,1
25457,0,0
23982,1,1
3933,0,0
363,1,1
5313,1,1
2911,0,0
1452,1,1
1881,0,0
23483,1,1
7722,1,1
15699,1,1
12103,1,1
2,1,1
26311,1,1
21313,1,1
28568,0,0
2742,1,1
24278,0,0
25896,1,1
7685,0,0
29797,0,0
8613,1,0
5604,0,0
18093,0,0
27797,0,0
482,0,0
6876,1,1
17105,1,1
26773,0,0
28956,0,0
7801,1,1
10966,0,0
16435,1,1
15362,0,0
17589,1,1
10010,1,1
3594,0,0
28777,1,1
29854,1,1
28869,0,0
7464,0,1
26519,0,0
23184,1,1
16016,0,0
8363,1,1
16664,0,0
9258,1,1
15928,1,1
28262,0,0
24778,0,0
14553,0,0
9029,1,1
11916,0,0
20625,1,1
18612,0,1
23868,1,1
10020,0,0
25060,1,1
25167,0,0
5031,1,1
28151,0,0
6494,0,0
17100,0,0
5718,0,0
28811,0,0
9580,1,1
18000,1,1
5658,0,0
9267,1,1
12874,0,0
16090,1,1
20429,0,0
15301,0,0
8290,1,1
25581,1,1
12849,1,1
506,0,0
8231,1,1
8815,1,1
1156,1,1
23744,0,0
10292,1,1
13505,0,0
14,0,0
21622,1,1
8415,0,0
4782,1,1
12594,0,0
11074,1,1
18869,0,0
7887,0,0
29886,0,0
1369,0,0
29653,1,0
24369,1,1
21054,1,1
16566,1,1
513,1,1
22595,1,1
218,1,0
22592,0,0
69,1,1
21811,0,0
473,1,1
17469,0,0
29833,1,1
12156,0,0
18757,1,1
26844,1,1
29850,0,1
6150,0,0
29291,0,0
7313,0,0
1525,0,1
17627,1,1
9557,0,0
1151,0,0
13696,0,0
18347,1,1
10545,0,0
22587,1,1
5689,0,0
11706,1,1
16468,0,0
1860,0,0
27171,1,1
26850,0,0
16216,0,0
6438,1,0
21857,0,0
1233,1,1
14278,1,1
17428,1,1
23689,0,1
13706,0,0
18074,1,1
578,1,0
20896,0,0
29205,1,1
21945,1,1
3407,1,1
9876,0,0
27189,1,1
2391,0,0
17796,0,0
794,1,1
76,0,0
16755,1,1
14315,0,1
225,1,1
5178,0,1
28572,0,0
23764,1,1
13010,0,0
5057,0,0
18366,1,1
26350,1,1
449,0,0
28029,0,0
18826,1,1
21103,1,1
9260,1,0
11409,1,1
5397,0,0
29075,1,1
10943,1,1
15431,1,1
27935,1,1
23940,0,1
15110,1,1
8860,0,0
28090,1,1
10358,1,1
8600,0,0
27127,1,1
29934,0,0
25004,0,0
2273,0,0
20341,0,1
13484,0,0
3647,0,0
23395,1,1
26808,1,1
17508,1,0
15241,0,0
8656,1,1
2781,0,1
9472,0,0
2783,0,1
9619,0,0
14458,0,0
1450,1,1
6844,0,0
10909,1,1
17024,1,1
28321,1,0
22761,0,0
12295,0,0
7989,0,0
16551,0,0
20001,1,1
2249,0,0
5621,1,1
13229,0,1
24975,0,0
3904,0,0
15209,1,1
22435,1,1
20913,0,1
11757,1,1
2745,0,0
4207,0,0
20012,0,0
863,0,0
13489,0,0
4369,1,1
29202,1,1
5226,0,0
2572,1,1
18083,0,0
16907,1,1
28584,1,1
25063,0,0
29110,1,1
20279,0,0
11697,1,1
16861,0,0
26054,1,1
19087,1,1
10485,1,1
22686,0,0
7129,1,1
29258,1,1
19603,0,0
22382,0,0
15682,1,1
23785,0,0
11673,1,1
7473,1,1
22661,0,0
25156,1,1
15316,1,1
17268,0,0
22501,1,1
12471,0,0
18496,1,1
6164,1,1
215,1,1
23124,0,0
24756,1,1
13167,0,0
6911,0,0
2071,0,0
24246,1,1
25593,0,0
11283,1,1
15605,1,1
16174,1,1
12244,0,0
16026,0,0
28616,0,0
23511,1,1
5283,0,0
21978,1,1
22638,0,0
1807,0,0
29119,0,0
22651,1,1
20601,1,1
8996,1,1
7392,1,1
11287,1,1
11660,0,0
27561,1,1
28881,1,1
25300,1,1
9963,1,1
9821,1,1
21955,0,0
1136,0,0
26036,1,1
8931,1,1
27181,0,0
20512,1,1
13291,0,0
15703,0,0
3415,1,1
23368,0,0
21726,0,0
1348,1,1
25490,0,0
25375,0,0
9527,0,0
18860,1,1
29072,1,1
12775,1,1
25291,1,1
4914,0,0
22047,1,1
1236,1,1
11602,1,1
6314,1,1
3328,1,1
667,0,0
8679,0,1
13082,0,1
27420,1,1
18758,1,1
20650,1,1
27078,1,0
15011,0,0
1171,0,0
13861,0,0
3268,0,0
3867,1,1
26554,1,1
24666,0,0
20051,0,0
652,1,1
16427,1,1
24855,0,0
2606,1,1
29050,1,1
15763,0,1
13752,1,1
4339,1,1
17786,0,0
17993,0,1
25385,0,0
29881,1,1
19645,0,1
11875,0,0
21440,0,0
7239,0,0
4012,1,1
15903,1,1
26027,0,0
14344,0,0
13479,1,1
21975,0,0
5926,1,1
14817,0,0
7975,0,0
21499,0,0
13213,0,0
4909,1,1
9831,0,0
8739,1,1
16805,1,1
7560,0,0
17026,1,1
14815,1,1
6056,1,1
15851,0,0
26513,1,1
48,1,1
26338,1,0
10352,0,0
3560,1,1
15663,1,1
4033,1,0
19347,1,1
7443,0,0
8757,0,0
28031,0,1
9452,0,0
18034,0,0
22234,0,0
15079,0,1
21432,1,1
16560,0,0
11773,0,0
26264,0,0
2730,1,1
29611,1,1
19794,1,1
24770,1,0
13221,1,1
29715,1,1
29433,1,1
7297,0,0
22515,0,0
23321,1,1
24531,0,0
18483,0,0
2394,1,1
1795,0,0
25374,0,0
17956,1,1
5046,1,1
12323,0,0
14032,1,1
16272,0,0
17631,0,1
12965,1,1
16843,0,0
8773,0,0
23028,1,1
19254,1,1
12121,1,1
8910,1,1
16941,1,1
21676,1,1
29581,0,0
11515,0,1
12405,1,1
16496,1,1
7016,1,1
16225,0,0
29803,1,1
9686,1,0
10374,0,0
13491,1,1
28838,0,0
24162,0,0
16265,1,0
13106,1,1
26361,0,0
29900,0,0
26494,0,0
25361,0,0
22743,1,1
2590,0,0
25336,1,1
17019,0,1
2080,0,0
14740,0,0
3455,1,1
15575,1,1
17859,1,1
24199,0,0
20911,1,1
17506,0,1
275,0,0
17173,0,0
6143,0,0
17961,0,0
19488,0,0
25753,0,0
23396,0,0
2529,1,1
18799,0,0
5564,0,0
7009,0,1
9646,0,1
25165,0,0
19224,0,1
7859,1,1
17515,1,1
14104,0,0
1239,1,1
26129,1,1
21928,0,0
8862,1,1
25661,1,0
2997,0,1
21413,1,1
21968,0,0
15740,1,1
1638,1,1
5533,0,0
13251,0,0
8526,1,1
26379,1,1
23094,0,0
1684,0,1
25819,1,1
21539,1,1
8211,0,0
26324,1,1
2460,0,0
1412,1,1
28992,1,1
6136,1,1
15584,0,0
12155,0,0
212,1,1
19958,0,1
6756,1,1
29035,1,1
17371,1,1
29930,1,1
9288,0,0
10731,1,1
7437,1,1
5805,1,1
2295,1,1
3249,0,0
18900,1,1
9592,0,0
12543,1,1
1797,0,1
3738,0,0
12199,1,1
4837,0,0
22607,1,1
12806,1,1
4314,1,1
17417,1,0
4281,1,1
19661,0,0
25111,1,1
27450,0,0
9748,1,1
21102,1,1
15375,1,0
15140,0,0
26458,1,1
8241,1,1
20009,1,1
8088,0,1
234,1,1
22318,0,0
19784,0,0
22109,1,1
17168,0,0
2595,0,0
25261,1,1
8185,0,0
21068,1,1
20801,1,0
2301,0,0
16084,0,0
13080,0,1
7525,1,1
16170,1,0
7095,0,0
15083,0,0
17126,0,0
18382,1,0
7690,1,1
17250,1,1
8628,1,1
10405,1,1
12428,1,1
9276,1,1
7486,1,1
29735,1,1
3687,0,0
8531,1,1
23585,1,1
13454,1,0
22848,1,1
19284,1,1
29053,1,1
2841,1,1
2125,0,0
16716,1,1
6282,1,1
18512,0,0
695,1,1
14481,0,0
14697,0,0
11557,1,1
18989,1,1
6786,0,0
16518,0,1
4485,0,0
3676,1,1
19487,0,1
16132,0,0
3601,0,0
26560,0,0
23040,1,1
16369,1,1
28390,0,0
26676,1,1
12536,1,1
12297,1,1
18282,1,1
14294,0,0
28805,1,1
9974,0,0
26995,0,0
9335,0,0
2628,0,1
7034,0,0
18349,1,1
14524,0,1
10811,1,1
1653,0,0
29301,0,1
25841,1,1
18986,1,1
8177,1,1
24614,0,0
28609,1,1
414,0,0
27652,1,1
12211,1,1
1699,1,1
4823,1,1
11289,1,1
29033,1,1
15873,0,0
21358,1,1
17567,1,1
8450,0,0
28320,0,0
1930,0,0
19670,1,1
11614,1,1
21664,0,0
21754,1,1
26711,1,1
10435,0,0
15225,0,0
24715,0,0
14656,1,1
27976,1,1
22099,1,1
6511,0,0
18641,1,1
26303,1,1
8340,1,1
23493,0,0
11340,1,1
10102,1,1
21134,1,1
5252,1,1
19662,0,0
21574,0,1
19399,1,1
20422,0,0
642,1,0
16960,1,1
5244,1,1
15711,0,0
19320,0,0
14295,1,1
13394,0,1
21806,0,1
11634,1,1
18233,1,1
11013,1,0
2583,0,0
10968,0,0
29453,0,0
29864,1,1
27335,1,1
16054,1,1
8404,0,0
12070,0,0
17466,1,1
5232,0,0
21445,0,0
9195,1,1
3315,0,0
3966,1,1
223,1,1
25560,1,1
18975,1,1
29312,0,1
9755,1,1
25585,1,1
29790,0,0
12757,1,1
27290,0,0
5848,1,1
10103,0,0
12784,1,1
27618,1,1
26649,1,1
7408,0,0
15736,1,1
13719,1,1
21441,1,1
21395,1,1
20371,1,1
13985,0,0
24069,0,0
4529,1,1
21256,0,0
4232,0,0
3412,1,1
2367,0,0
19902,0,0
21666,0,0
10942,1,1
23035,0,1
26799,1,1
27155,0,0
27811,0,0
4175,0,0
7959,1,1
4204,1,1
10973,0,1
5087,1,1
3102,0,0
16601,0,0
11015,1,1
8718,1,0
9421,1,1
211,0,0
11685,1,1
1692,1,1
4627,0,0
25048,0,0
29777,0,0
7316,0,0
11540,1,1
6621,1,1
8219,0,0
11322,1,1
10964,1,1
12263,1,1
7470,0,0
17738,1,1
3044,0,1
18474,0,0
25558,0,0
7157,0,0
1449,0,0
25701,1,1
12974,0,0
1484,1,1
98,1,1
9525,0,0
26221,0,1
13709,1,1
26398,1,1
9544,1,1
23303,0,0
2684,1,1
19227,0,0
21615,0,0
11183,1,1
14809,0,0
24805,0,1
13844,1,1
24654,0,0
19316,0,0
5124,1,1
22525,0,0
14989,1,1
9689,1,1
7281,1,1
18953,1,1
28306,0,0
14947,1,1
22415,0,0
540,0,0
28723,1,1
3222,0,0
25932,1,1
13413,1,1
11082,0,0
27601,0,0
29023,0,1
5211,1,1
24268,0,0
12465,0,0
2222,1,1
19870,0,0
7629,1,1
23415,0,0
12985,1,1
7579,1,1
11176,1,1
12337,1,1
18518,0,0
28787,0,0
20828,1,1
19044,1,1
20365,0,0
20998,1,1
18037,1,1
25752,0,0
1251,1,1
16489,0,0
24184,1,1
1615,0,1
26849,1,0
27851,0,0
19443,0,0
29129,1,1
4955,0,0
17751,0,0
4576,1,1
29826,0,1
4742,1,0
25448,1,1
6252,1,1
5179,0,0
727,1,1
357,0,0
17291,1,1
20936,0,0
7883,0,0
2888,0,0
14364,0,1
23789,1,1
8280,1,1
570,0,0
5558,0,0
23348,1,1
26926,0,0
2537,1,1
16234,1,1
29158,0,0
14624,1,1
2642,1,1
27536,1,0
23437,0,0
16122,0,0
23308,0,0
6565,0,0
10250,0,0
29204,1,1
4133,0,1
20212,0,0
17747,1,1
13881,0,0
29225,0,0
2768,1,1
11918,1,1
17195,0,0
12099,1,1
11453,1,0
20840,1,1
7671,1,1
29768,0,0
17565,0,0
15381,1,1
17089,0,0
6372,0,0
16939,1,0
1244,0,1
12038,0,0
1441,1,1
15630,1,1
16439,1,1
28527,0,0
21924,1,1
10737,1,1
24793,0,0
9549,1,1
16337,0,0
20606,1,1
8466,0,0
25426,1,1
11218,0,0
7174,0,0
19215,1,1
23339,1,1
28952,0,0
15577,0,0
17753,1,1
9085,0,0
11492,1,1
12803,1,0
23702,1,1
25071,1,0
12394,0,0
23110,0,0
15891,1,1
3968,1,1
26135,1,1
25241,1,1
18012,1,1
6312,1,1
17369,1,1
25665,1,1
3648,0,0
17144,1,1
24103,1,0
16610,1,1
12353,1,1
2774,1,1
7126,1,1
20081,0,1
2480,1,1
11971,0,0
29474,0,0
12674,0,0
10990,1,1
22930,0,0
27574,1,1
25055,1,1
21633,0,1
20809,0,0
12464,0,0
29477,0,0
22536,1,1
3981,1,1
15289,0,0
22702,1,1
1576,0,0
3444,0,1
10327,0,0
23489,1,1
19813,0,0
17352,0,0
412,1,1
28347,0,0
826,0,0
18237,1,1
21065,1,1
16414,0,1
27786,0,0
29512,1,1
25003,1,1
7389,0,0
4677,0,0
20873,1,1
3884,0,0
29817,1,1
3215,0,0
29357,1,1
12011,0,0
9994,0,0
20350,1,1
10211,0,0
10712,1,1
15260,1,1
2412,0,0
25668,1,1
3216,0,0
29628,0,0
4283,1,1
24420,0,0
16804,0,0
16166,1,1
3663,1,1
4206,0,0
18254,1,1
15728,0,0
22503,1,1
3837,1,1
28403,0,1
3934,0,0
20211,1,1
27656,1,1
22904,1,1
19879,0,0
11230,1,1
6769,1,1
22130,1,1
13168,0,0
3538,1,1
2811,1,1
16454,1,1
21951,0,0
4457,1,1
16437,0,0
18188,0,0
27993,1,1
28240,0,0
1263,1,1
8090,1,1
16009,1,1
24983,1,1
27196,1,1
3764,0,0
16098,0,0
9047,1,1
3119,1,1
14816,0,0
9682,0,0
5840,0,1
21344,0,1
22747,0,0
9533,1,1
17616,0,1
26944,1,1
23387,1,0
27132,1,0
18348,0,0
15271,1,1
11627,1,1
18251,0,0
11258,0,0
9394,1,1
7938,1,1
4950,0,0
8318,1,1
19588,1,1
11999,0,0
27408,0,0
7511,0,0
8234,0,0
18170,0,0
10991,1,1
19646,0,0
27627,0,1
7278,1,0
2951,0,0
21171,1,1
23613,1,1
25646,1,1
9326,0,1
22337,0,0
1170,1,1
18129,1,1
15809,1,1
23587,0,0
14044,0,0
9714,1,0
26548,0,0
25203,1,1
16644,1,1
20663,1,1
2109,1,1
12870,1,1
22245,1,1
155,0,0
13277,1,0
18059,0,1
13703,1,1
26198,0,0
18011,1,1
28220,1,1
2630,1,1
21665,0,0
12479,0,0
14734,1,0
11830,0,0
7109,0,0
7820,1,1
1363,0,1
11684,1,1
24334,0,0
15058,1,1
20100,1,1
408,1,1
21212,1,1
1018,1,1
8131,1,1
116,0,0
23516,1,1
13516,0,0
22124,0,0
22576,0,0
20144,1,1
4048,1,1
12867,1,1
8433,1,1
20554,1,1
92,0,0
22295,1,0
1986,0,0
19656,1,1
9817,1,1
26902,1,1
4052,0,0
6355,1,1
3171,0,0
12889,0,0
15640,0,0
29753,0,0
18073,0,0
11314,1,1
18791,1,1
7497,0,1
20210,1,1
17873,1,0
8122,0,0
359,1,1
29409,0,0
16581,0,0
2036,1,0
7019,1,1
2060,1,1
9242,0,0
14667,1,1
25532,1,1
6271,1,1
6624,1,1
22806,1,1
24789,0,0
2129,0,0
21392,1,1
5056,0,0
6120,1,1
7552,0,0
23117,1,1
14970,1,1
4242,0,1
20955,0,0
1743,0,0
20274,1,1
12179,1,1
29343,0,0
16856,1,1
18341,1,1
22442,0,0
24430,0,0
28813,0,0
10821,1,1
360,0,0
28183,0,0
10881,0,0
2500,1,1
24833,1,1
2381,1,1
23554,1,1
9753,0,0
22217,1,1
12080,0,1
8743,1,1
14724,1,1
24294,1,1
14798,0,1
26626,0,0
4813,1,1
18303,1,1
12462,0,0
17240,1,1
4597,1,0
1258,1,1
8244,0,0
7413,1,0
23883,1,1
21140,0,0
20476,0,0
1541,0,0
7352,0,0
2576,1,1
19615,1,1
706,1,1
17559,0,0
16245,0,1
23251,0,0
10671,0,0
10439,0,0
13157,0,0
16304,1,1
26928,0,0
29793,1,1
9734,1,1
29673,1,1
4282,0,0
7501,0,0
4434,1,1
24755,1,1
2803,1,0
8555,1,1
8086,1,1
21089,0,0
6524,0,0
26014,1,1
13503,0,0
9850,1,1
9050,1,1
16114,1,1
14957,1,1
27320,1,1
12731,1,1
4054,1,1
28352,0,0
13740,0,0
27173,1,1
22261,1,1
28942,0,0
928,1,1
6276,1,1
6416,0,0
13938,0,1
10342,1,1
17519,1,1
6696,0,0
25262,1,1
1327,1,1
8631,1,1
5732,0,0
5409,0,1
20518,1,1
23111,1,1
1969,0,0
17083,1,1
3447,0,0
6780,0,0
25418,1,1
9388,1,1
29070,1,1
20560,1,1
5944,1,1
109,0,1
8658,0,0
26250,1,1
23176,0,1
15926,0,0
15491,1,1
10794,1,1
28896,1,1
17104,0,0
7628,1,1
14849,1,1
15353,0,1
21866,1,1
5723,1,1
3960,0,0
6560,1,1
22805,0,0
13386,1,1
29307,1,1
21573,1,1
26461,0,0
16931,1,1
10414,0,0
16158,0,0
21681,1,1
20150,1,1
22751,0,0
21215,0,0
20881,1,1
17341,0,1
9212,1,1
19895,1,1
25729,0,0
29066,1,1
8525,0,0
8394,0,0
10255,1,1
29505,0,1
1356,0,0
15817,0,0
26901,0,1
21506,1,1
22259,0,0
16806,1,1
13926,0,0
27410,0,0
17555,0,0
5584,1,1
14842,1,1
26465,0,0
27403,1,1
4749,1,1
11973,1,1
29237,0,0
29366,0,0
28605,1,1
21136,1,1
25188,1,1
8372,0,0
21725,1,1
7000,1,1
22396,1,1
23343,0,0
17066,1,1
4665,1,1
23936,0,0
19027,0,0
949,1,1
2717,0,0
12699,0,0
356,1,1
9570,0,0
8268,0,0
12148,1,1
24,0,0
25557,0,0
2691,0,0
6791,1,1
10995,0,0
22208,1,1
26651,0,0
743,0,0
22229,0,0
6273,0,0
8648,0,1
22644,0,0
29966,1,1
4655,1,1
19535,0,0
3275,0,0
5736,0,0
7087,1,1
22427,0,0
28928,1,1
5807,0,0
17141,0,0
699,0,0
21290,1,1
7103,0,1
7224,0,0
15799,0,0
29665,0,0
17247,0,0
531,0,0
29000,0,0
23975,0,0
4526,1,1
27818,0,0
17999,1,1
27169,1,1
15934,1,1
24528,0,0
21913,1,1
23467,1,1
1977,0,0
22203,0,1
4586,0,0
12186,0,0
5923,1,0
29545,1,1
11678,1,1
20572,1,1
9826,1,1
7559,0,0
2359,0,0
27717,1,1
27816,0,1
12516,1,1
25069,0,0
22736,1,1
355,0,0
29115,1,1
3886,1,0
5209,0,0
9854,1,1
10576,1,1
2509,0,0
15043,1,1
5053,1,1
9945,1,1
37,1,1
11725,0,0
26199,0,0
16568,1,1
27534,1,1
4904,1,1
802,1,1
16456,0,0
24202,1,0
16778,1,1
6149,1,1
23307,1,0
27463,0,0
15138,1,1
4621,0,0
10967,0,0
16400,0,0
24113,1,1
27846,1,1
19280,1,1
26085,0,0
15500,0,0
21773,1,1
7319,0,0
19955,1,1
20949,0,0
20366,1,1
13579,0,0
14244,1,1
12555,0,0
4135,0,0
11301,1,1
6247,0,0
22499,1,0
22306,0,0
25965,0,0
6054,1,1
5301,1,1
26521,0,0
5967,0,0
156,1,1
3983,0,0
21107,1,1
15800,0,0
25328,0,0
17815,1,1
18122,1,1
7963,0,0
24514,0,0
7108,0,0
9007,1,1
16891,0,0
10806,0,0
22505,0,0
13690,1,1
19065,1,1
2400,0,0
22815,0,0
23738,0,0
2657,1,1
7997,0,1
13736,0,0
2228,1,1
518,1,0
29079,1,1
3239,0,1
13928,0,0
13606,0,0
26483,1,1
15298,0,0
11709,0,0
9962,0,0
1150,0,0
21435,0,0
8581,0,0
2756,1,1
5230,0,1
12363,0,0
16888,0,0
3235,1,1
20519,0,0
19046,1,1
13892,0,1
1019,0,0
22222,0,1
20363,1,1
11699,1,1
22006,1,1
13191,1,1
10024,1,1
24810,1,1
15623,1,1
20524,0,0
5761,1,1
8976,0,0
9620,1,1
27186,0,0
5660,1,1
26416,1,1
29238,1,1
29250,1,1
26727,0,0
304,0,0
15856,1,1
9978,0,0
4861,1,1
10944,0,0
11903,0,1
28049,1,1
25529,1,1
15731,0,0
23166,0,0
13033,0,0
20497,1,1
26110,0,0
15686,1,1
19336,0,0
10479,1,1
16674,1,1
19632,1,1
20046,0,0
7051,1,1
9981,1,1
6858,1,1
24492,0,0
19577,1,1
10470,1,1
11797,1,1
22560,0,0
17216,0,0
7121,0,1
5590,1,1
19362,1,1
25231,1,1
28041,0,0
20690,1,1
12459,1,1
9907,0,0
1433,0,0
21895,0,0
19204,0,1
3999,0,0
25654,1,1
9798,1,1
10188,0,0
774,0,0
9245,1,1
272,0,0
11307,1,1
11714,1,1
8098,1,1
25134,0,0
6787,0,1
2290,1,1
20040,1,1
27959,0,0
18222,0,0
15995,1,1
8925,0,0
6251,1,1
29521,1,1
23720,0,0
18806,0,0
15166,0,0
17329,1,1
13966,0,0
11065,1,1
20084,0,1
19365,1,1
1087,1,1
15525,1,1
4975,0,0
25356,1,1
14312,1,1
13359,0,0
9059,1,1
26569,1,1
9752,1,1
25501,1,1
22961,1,1
14505,0,0
10176,1,1
12869,1,1
918,0,1
20446,1,1
24256,0,0
8469,1,0
24410,1,1
2434,1,1
6970,1,1
20803,0,0
26632,0,0
14616,0,1
21587,0,0
10812,1,1
3021,1,1
27219,1,1
23834,1,1
27762,1,1
3080,1,1
29473,0,0
12168,0,1
13353,0,0
26742,1,1
2917,0,0
20360,0,1
27540,0,0
27563,0,0
22042,0,0
7311,0,0
21464,1,1
14662,1,1
17587,1,1
24738,1,1
4473,0,0
24866,0,0
19210,1,1
11487,0,0
330,0,0
19042,0,0
24624,0,0
29015,1,1
12386,0,0
21705,0,0
21195,1,1
18318,0,1
21916,0,0
29821,0,0
5158,0,0
21232,1,1
20197,1,1
19338,1,1
29815,1,1
17954,1,0
7030,0,1
24875,0,0
20880,1,1
15215,0,0
16927,0,0
17459,1,1
7638,0,0
3314,1,0
7618,1,1
9474,0,0
12554,0,0
8506,1,1
9368,0,0
7426,0,0
29953,1,1
7188,1,1
29117,1,0
4662,0,0
21559,1,1
19122,1,1
22528,0,0
4696,1,1
4843,1,1
4657,1,1
10302,1,1
22363,0,0
3612,0,0
3859,1,1
3909,1,1
16519,0,0
18958,1,1
6703,0,0
10614,0,0
7289,0,0
12531,0,0
25707,0,0
7580,0,0
4790,1,1
4833,1,1
22323,0,0
7957,1,1
21299,0,0
19095,0,0
15182,0,0
14331,1,1
19643,1,1
10577,1,1
7767,0,0
23273,1,1
7751,1,1
14801,1,0
17628,1,1
5354,1,1
3932,0,0
22171,0,1
17439,0,0
14558,1,1
12684,0,0
14486,1,1
7411,1,1
12525,1,1
1639,0,0
3256,1,1
26466,1,1
22909,0,0
13050,1,1
17772,0,0
6910,1,1
114,0,0
27276,0,0
29478,0,0
1659,1,1
9132,0,0
6949,1,1
19276,0,0
25218,1,1
1916,0,0
8121,1,1
811,0,0
29582,1,1
9985,0,0
12232,0,0
25355,1,1
12855,1,1
7900,1,1
18136,0,0
17742,1,0
7585,1,1
13416,1,1
1310,1,1
29428,0,0
3484,1,1
15158,0,0
21738,1,1
19948,0,0
22583,0,0
29641,1,1
19181,0,0
10377,1,1
23832,1,1
7132,0,0
24468,0,0
27528,0,0
3308,0,0
17991,1,1
26895,1,1
6351,0,0
24457,0,0
22192,1,1
20443,1,1
24553,1,1
13384,1,1
28285,0,0
8917,1,1
18180,1,1
9148,1,1
17735,1,1
573,1,1
29727,1,1
19322,1,1
9416,1,1
4973,0,0
10191,1,1
18802,0,0
10356,0,0
21132,1,1
17822,1,1
9706,1,1
16486,0,0
10170,0,0
20498,1,1
22625,0,0
19819,0,0
24252,1,1
17826,0,0
5595,1,1
24018,1,1
4501,1,1
4775,0,0
12850,0,1
17330,0,0
24352,0,0
25986,0,0
27640,1,1
6200,0,1
8138,0,0
28297,0,0
2675,0,0
4875,1,1
2834,1,1
13828,0,0
29629,1,1
13781,0,0
1205,0,0
13964,0,1
15211,1,1
24247,1,1
22875,1,1
29750,1,1
5192,0,0
15270,1,1
21131,1,1
19133,0,0
7815,1,1
14959,0,0
9802,1,1
16652,1,1
8592,0,0
29330,0,0
14863,0,0
21538,0,0
1059,1,1
11104,0,0
2205,0,0
24673,0,0
9766,1,1
2553,0,0
6070,0,0
29568,1,1
15496,0,0
20362,0,1
5958,1,1
11912,0,0
22410,0,0
13381,1,1
26590,0,0
27355,1,1
23098,0,0
19098,1,1
24629,1,1
19119,0,0
29126,1,1
21322,0,0
13019,1,1
26786,1,1
20381,1,1
11466,0,0
25622,0,0
23424,1,1
11768,0,0
2747,1,1
8927,1,1
2191,0,0
12895,1,1
23235,0,0
22628,1,0
22825,1,1
12458,0,0
13805,0,0
19594,0,0
10992,1,1
1549,0,0
15823,1,1
25724,0,0
18515,1,1
5163,1,1
647,0,0
10843,0,0
22457,1,1
6767,1,1
18469,0,0
7693,0,0
6647,0,0
2366,0,0
3709,0,0
842,1,1
21032,1,1
5568,1,1
12151,1,1
9565,1,1
25039,0,0
9877,1,1
13267,0,0
25526,0,0
21242,1,1
13385,0,0
19228,0,0
2846,0,0
27609,1,1
11621,0,0
8522,1,1
6156,0,0
6929,1,1
6459,1,1
20639,1,1
19624,1,1
14536,1,1
29239,0,1
28700,1,1
28372,0,0
12184,0,0
26176,0,0
29728,1,1
28626,1,1
2667,0,1
23640,1,1
15048,0,0
2884,0,0
22095,1,1
1207,0,0
12307,0,0
3139,0,1
13410,0,0
26685,0,0
9100,1,1
12453,0,0
5092,1,1
3979,1,1
9181,1,0
1505,1,1
20740,0,0
13051,1,0
631,1,1
20667,0,1
27778,0,0
15811,0,0
27466,0,0
29405,0,0
13417,1,1
17060,1,1
16173,1,1
29472,1,1
25511,0,0
20514,1,1
15486,1,1
5449,1,1
8083,0,0
13170,1,1
28669,1,1
15499,1,1
1021,0,0
6914,0,0
23230,1,1
17584,1,1
16096,0,1
26087,0,0
23915,0,0
19711,0,0
8289,1,1
29911,1,1
9635,0,1
17746,0,0
1948,1,1
22003,0,0
3059,1,1
20014,1,1
2076,1,1
22027,0,1
23194,1,1
6174,1,1
2021,1,1
13727,0,0
9067,1,1
21783,1,1
16413,0,0
26345,1,1
18684,1,1
25832,1,1
498,1,1
23984,0,0
29689,0,0
20612,1,1
27695,1,1
28416,1,1
16479,1,1
8829,0,0
29319,1,1
9061,1,1
7809,1,1
3624,1,1
23068,1,1
1556,1,0
3519,1,1
14011,1,1
23560,1,1
25981,1,1
28652,1,1
10633,1,1
13391,1,1
16065,0,0
24481,1,1
14895,1,1
5430,0,0
17802,1,1
6472,1,1
29650,1,1
27558,0,0
25024,1,1
11805,0,0
17573,1,1
26675,1,1
7111,0,0
23727,0,0
23986,1,1
27017,1,1
29412,0,0
22696,0,0
23654,1,1
28359,0,0
8935,1,1
639,1,1
22007,1,1
19636,0,0
14657,0,0
2154,0,0
8272,1,1
4986,0,0
9054,1,1
4853,1,1
24734,1,1
11468,0,0
4636,0,0
4056,1,1
26567,1,1
27130,0,0
19877,0,0
27575,1,1
24911,0,0
12005,0,0
1274,1,1
13510,1,1
7793,0,0
19904,0,0
28751,1,1
28990,1,1
5647,0,0
28517,0,0
7018,1,1
26578,1,1
659,1,1
11253,0,0
259,1,1
3476,1,1
3456,1,1
10557,0,0
2596,1,1
22941,1,1
28378,0,0
13482,1,1
20977,0,1
25193,1,1
24830,0,0
14336,1,1
4428,0,0
8995,0,0
10422,1,1
17115,0,1
4615,0,0
2802,1,1
5563,0,0
24280,1,1
1648,1,1
7876,0,0
18598,0,0
26860,1,1
16813,1,1
17442,0,0
19166,0,0
13399,1,1
24794,0,0
13515,0,0
847,0,0
18471,0,0
10666,1,1
27221,1,1
1672,1,1
28714,0,0
19766,1,1
23983,0,0
8603,0,0
5684,1,1
29704,1,1
19050,1,1
809,0,0
16008,1,0
23595,1,1
2712,0,0
10514,1,1
11642,1,1
10158,0,0
26377,0,0
22075,1,1
29052,1,1
29729,0,0
5909,1,1
6109,1,1
17017,0,0
27406,1,1
2770,0,0
24683,0,0
14940,1,1
15566,1,1
11029,1,1
21269,0,0
18310,0,0
10131,0,0
28458,1,1
4927,1,1
12306,1,1
5924,0,0
10018,1,1
18363,1,1
15071,1,1
3929,1,1
8084,0,0
19967,1,1
18454,1,1
24271,0,0
26260,0,1
10171,1,1
10936,1,1
18488,0,0
6318,1,1
6302,1,1
9405,0,1
21970,1,1
25627,0,0
19727,0,0
25820,0,0
14286,0,0
4579,0,0
27339,1,1
25746,0,0
18008,0,0
25921,0,0
20370,1,1
18550,1,1
12619,1,1
27784,0,0
17969,0,0
23439,0,1
17785,0,0
17789,0,0
14015,0,0
23203,0,0
27736,1,1
12681,1,1
19547,1,1
20191,0,0
10952,1,1
19261,1,1
7266,0,0
24880,0,0
1647,1,1
29569,1,1
9121,0,0
16018,0,0
19225,0,0
21067,1,1
22602,0,0
17633,0,0
22181,1,1
19000,0,0
27426,0,0
23978,0,0
248,0,0
16397,1,1
27914,1,1
27710,1,1
10548,0,0
26374,1,1
26988,1,1
15603,0,0
19748,0,0
4507,1,1
28439,1,1
18032,0,0
7772,1,1
11215,1,1
7374,0,0
24233,1,1
29742,1,0
28646,0,0
28750,1,1
5173,0,0
8778,1,1
8218,1,1
15868,1,1
29230,1,1
26949,1,1
9596,0,0
18944,0,0
21268,0,0
19117,0,0
5250,1,1
10408,0,0
20291,1,1
7399,0,0
18671,0,1
1135,0,0
26826,1,1
4456,1,1
19054,1,1
20640,1,1
27763,1,1
23325,0,1
10183,1,1
26806,0,0
11764,1,1
21639,0,0
24378,0,0
22175,0,0
5222,1,1
20876,1,1
15712,1,1
10177,0,0
18427,0,0
1146,0,0
15398,0,1
6392,0,0
27044,0,1
18202,0,1
2027,1,1
22951,1,1
14375,0,0
10233,1,0
4680,1,1
4569,0,0
619,0,1
16827,1,1
287,1,1
29655,1,1
8650,1,1
28063,0,0
28193,1,1
18281,0,0
26315,1,1
29774,0,0
2938,1,1
18368,0,0
14884,1,1
1347,0,1
15142,0,0
7787,1,1
11019,0,0
3705,0,0
16835,0,0
10784,1,1
1558,0,0
12695,0,0
16469,0,0
3878,1,1
15442,1,1
23205,0,1
13567,1,1
241,0,0
9285,1,1
15754,1,1
7414,1,1
23264,1,1
12832,1,1
27684,1,1
16501,1,0
17741,0,0
3743,1,1
28561,1,1
16509,0,0
3757,0,0
6941,0,0
16341,1,1
7405,1,1
5172,0,0
17313,0,0
19640,1,1
12025,0,0
20329,1,1
25359,1,1
21342,1,1
17493,0,0
23854,0,0
19740,0,0
12650,0,0
3457,0,0
23107,1,1
26593,1,1
10696,1,1
29008,0,1
21606,1,1
6916,1,1
6995,1,1
5710,1,1
9134,0,0
7922,0,0
8626,1,1
7308,1,1
9382,0,0
13164,1,1
20208,0,0
12514,1,1
6250,1,1
7665,1,1
27647,1,1
16754,0,0
16896,0,0
4549,0,0
18133,1,1
3205,1,1
4864,1,1
6160,0,0
27740,1,1
7505,1,1
9265,0,1
24241,0,0
7433,1,1
16398,1,1
6980,0,0
21145,0,0
21060,1,1
1476,0,0
2048,0,0
10421,1,1
16492,0,0
3654,1,1
14528,1,1
28061,1,1
24308,1,0
14693,0,0
28186,1,1
23221,1,1
28462,1,1
8315,1,1
7164,1,1
8362,1,1
20668,0,0
4801,0,0
22371,0,0
24145,1,1
6743,0,1
21368,1,1
21310,1,1
10933,1,1
6364,0,1
22417,0,1
27131,0,0
9332,0,0
24511,0,0
20143,0,0
14455,0,0
7268,1,1
1133,1,1
28093,1,1
6634,0,1
6220,1,1
28389,0,0
23078,1,1
1944,0,0
13850,0,0
20875,0,0
22766,0,0
10515,0,0
6809,0,1
21524,1,1
3581,0,0
23520,1,1
13555,1,1
2354,1,1
14628,0,0
17196,0,0
25420,1,1
25489,1,1
22654,0,0
16352,1,0
7987,0,0
20834,1,1
740,1,1
250,0,0
8154,1,1
22578,1,1
12077,1,1
23928,0,0
17161,0,0
22254,1,1
4231,0,0
5229,1,1
25157,1,1
2711,1,1
26021,0,0
15541,1,1
9833,1,1
26585,0,0
23438,1,1
23696,1,1
29112,0,1
23849,1,1
3430,0,0
22849,0,1
25690,0,0
28748,1,1
24182,1,1
22630,0,0
6480,1,1
5963,0,0
26101,0,0
2353,0,0
4706,1,1
19725,1,1
14961,1,1
18921,1,1
12334,1,1
5814,0,1
6602,0,1
28766,1,1
17208,1,1
3940,0,1
24943,0,0
16411,1,1
24672,1,1
4262,0,0
1665,0,0
9558,0,0
5286,0,0
20297,1,1
15223,0,0
21324,0,0
8207,0,0
9775,1,1
4588,1,1
3984,0,0
5477,1,1
14005,0,0
24548,0,0
3020,0,0
6086,1,1
16154,0,0
7024,0,0
26302,1,1
11422,0,0
9456,1,1
25608,0,0
21925,1,0
2171,1,1
677,1,1
28860,0,0
3116,1,1
17865,1,1
26144,0,1
19148,0,0
25681,0,1
25669,0,0
4193,1,0
29259,1,1
7186,0,0
19972,0,0
844,1,1
23330,0,0
5503,1,1
1563,0,0
1835,0,1
15327,0,0
6526,0,0
8,0,0
15573,0,0
5462,0,1
16438,0,0
27264,1,1
10878,1,1
24545,0,1
22739,1,1
23678,1,1
29271,0,0
16825,0,0
24727,1,1
24573,1,1
13236,1,1
14437,1,1
29136,1,1
19865,0,0
27663,0,1
1445,0,0
11447,1,1
9196,1,1
22112,1,1
6504,1,1
10480,0,1
25904,1,1
18150,0,0
3252,1,1
4681,1,1
25421,1,1
26948,1,1
21280,1,1
13001,1,1
24758,0,0
6025,0,0
7610,0,0
26779,1,1
3466,0,0
13104,0,1
25825,1,1
6731,0,0
20750,1,0
13155,0,0
12871,0,0
867,0,0
27702,0,0
3945,1,1
13921,1,1
11182,1,1
6810,1,1
20030,1,1
5919,1,1
4763,0,0
13779,0,0
27562,1,1
17535,0,0
27197,0,0
26011,0,1
23165,1,1
23835,0,0
16598,0,0
21626,1,1
20195,0,0
3925,0,0
18296,0,0
19234,1,1
21555,0,1
20531,1,1
14307,1,1
28097,1,1
24218,0,0
3442,0,0
27000,1,1
23047,0,0
23052,0,0
17767,1,1
10069,1,1
26842,1,1
7223,0,0
13611,0,1
16967,0,0
16945,1,1
17010,0,0
6738,1,1
18864,1,1
29078,0,0
26296,0,0
20741,1,1
26409,1,1
2751,0,0
13713,1,1
16320,0,0
2056,1,1
9952,0,1
14108,1,1
17572,1,0
14397,0,0
21080,0,0
7358,1,1
27392,0,0
15008,1,1
20125,1,1
12646,1,1
25172,1,1
12187,0,0
18681,1,1
12349,1,0
5887,0,1
18714,1,1
1434,1,1
21235,1,1
23153,0,0
24191,1,1
22985,0,1
2914,1,1
3696,1,1
8011,0,0
25339,1,1
27010,1,1
14673,1,1
7378,0,0
16347,1,1
22582,0,0
16900,1,1
20167,0,0
1784,1,1
27639,0,0
7248,1,1
20156,1,1
21018,0,0
29709,0,1
5321,0,0
21787,0,0
8930,1,1
7605,1,1
9523,0,0
10448,1,1
18088,1,1
14595,1,1
27200,0,0
20529,0,0
25574,0,0
7209,0,0
26500,0,0
26511,0,1
10332,0,0
23287,1,1
8047,0,0
2231,1,1
5489,0,0
19992,0,0
1892,1,1
28435,1,1
10897,1,1
15377,0,1
13328,1,1
25656,1,1
15904,0,0
5128,1,1
15414,1,1
15374,1,1
16972,0,0
3708,1,1
16346,0,0
22191,0,0
4352,1,1
20133,0,0
23127,0,0
24900,1,1
24213,0,0
12195,0,0
9295,1,1
21776,1,1
3379,0,0
20017,1,1
22690,0,0
25616,1,1
27893,0,0
18643,0,0
28339,1,1
29963,0,0
12498,1,1
917,1,1
10749,0,0
2383,0,0
17233,0,0
22914,0,0
4257,1,1
21582,1,1
2753,1,1
9589,1,1
25923,1,1
1498,0,0
27267,1,1
6274,1,1
27837,1,1
10269,1,1
15979,1,1
6626,0,0
4296,0,0
5317,0,0
19392,1,1
6235,1,1
15691,0,0
17489,0,0
26996,0,0
13441,0,0
26931,0,0
2697,1,1
8152,0,0
12370,1,1
12623,0,0
4767,1,1
7515,1,1
23355,1,1
9515,1,1
19134,1,1
16865,0,0
3309,0,0
12096,1,1
673,1,1
8172,0,0
9910,1,1
13366,1,1
19907,1,1
14026,0,0
6185,1,1
28354,1,1
2874,0,0
6191,0,0
1733,1,0
1091,1,1
23402,0,0
27413,0,0
26542,1,1
4002,1,1
21609,1,1
13701,1,1
14704,1,1
27944,1,1
23521,1,1
17564,1,1
15144,1,1
15524,0,0
10823,0,0
16257,0,0
6104,0,0
15981,1,1
8146,0,0
1124,1,1
21693,0,0
17897,1,1
22164,0,0
10119,1,1
29858,1,1
10846,1,1
4594,1,1
9909,0,0
7864,0,0
15129,1,0
19279,1,1
8845,1,1
12704,0,0
4474,1,1
23199,1,1
22556,1,1
29367,0,0
6498,1,1
9772,0,0
25587,0,0
8145,0,0
9904,0,0
25088,1,1
22232,1,1
16659,1,1
26410,1,1
10759,1,1
24381,1,1
735,1,1
23918,1,1
367,1,1
14516,0,0
15918,1,1
23192,0,0
13440,0,0
1880,1,1
2897,0,0
6742,1,1
25217,0,1
11072,1,1
24482,1,0
1030,0,0
22828,1,1
1834,0,0
22623,0,0
14283,0,0
7962,0,0
7,1,1
15788,1,1
6661,1,1
27573,1,0
11166,0,0
18785,0,0
25826,0,0
28864,1,1
16045,0,0
12994,0,1
18615,0,0
4764,1,0
28427,0,1
16327,0,0
23219,1,1
9988,0,0
7591,0,0
1191,0,0
6329,0,0
2470,0,0
14221,0,0
23029,1,1
25152,1,1
26151,1,1
12056,1,1
15185,1,1
10810,1,1
10627,1,1
10919,0,0
22674,1,1
11133,0,0
29197,1,1
4174,1,1
15485,0,1
11577,1,1
8461,1,1
28749,1,1
25998,1,1
21902,0,0
22716,0,0
15518,1,1
6412,1,1
22142,0,0
2121,1,1
16335,1,1
29089,0,0
5093,1,1
24631,0,0
451,1,1
20424,0,0
18858,0,0
12086,0,1
6614,0,0
25015,0,0
18326,1,1
10235,0,0
2665,0,0
25442,0,0
400,0,0
4964,0,1
270,1,0
14028,1,1
503,1,1
3836,0,0
11187,0,0
3164,1,1
29956,0,0
23828,1,1
25258,1,1
14531,0,1
26864,0,0
24536,1,1
1388,1,1
20322,0,0
15391,0,0
2187,1,1
1052,1,1
4141,0,1
1587,0,0
15105,0,0
24027,1,1
29514,1,1
13493,1,1
11659,0,0
11701,1,1
26843,0,0
11363,1,1
18898,0,0
22900,1,1
28452,0,0
2885,1,1
1460,1,1
2600,0,0
25090,0,0
14918,1,1
20643,0,0
2664,0,1
12340,0,0
22200,0,0
10399,1,1
21369,1,1
9903,1,1
17819,1,1
19232,0,0
12051,1,1
24055,0,0
5439,1,1
14472,1,0
22796,1,0
18445,1,1
22726,0,0
21124,1,1
852,1,1
9365,1,1
10363,1,1
27325,0,0
9127,0,0
23847,1,1
28222,0,0
5064,0,0
10467,0,0
23201,0,0
29899,1,1
26184,0,0
7189,0,0
15989,0,0
10396,0,0
16118,0,0
5941,1,1
2542,1,1
21126,0,0
7732,1,1
15084,1,1
16680,1,1
27933,1,1
28724,1,1
7140,1,1
25330,0,0
388,1,1
20137,1,1
1440,0,0
29211,1,1
28295,0,0
9284,1,1
17714,0,0
2780,0,0
15411,0,0
16461,1,1
11794,1,1
1526,1,0
2415,1,0
3826,1,1
15,1,1
5852,0,0
27488,1,1
16267,0,0
8498,0,0
25774,0,0
20517,0,0
2186,0,0
27644,1,1
9842,1,1
6808,1,1
17554,1,1
6604,1,1
22313,1,1
23910,1,1
5396,1,1
8201,0,0
28367,0,0
8334,0,1
11464,0,0
15839,1,1
26673,0,0
20548,0,0
18128,0,0
16431,1,1
21747,0,0
9581,0,0
10430,1,1
10613,1,1
26454,1,1
11484,0,0
16116,0,0
12577,1,1
23188,0,0
25211,1,1
17798,0,0
2331,1,1
4948,1,1
29731,0,0
23604,1,1
6342,0,0
10848,1,1
26457,0,0
19798,0,0
12705,1,1
12935,1,1
24638,0,0
10162,0,0
10567,0,0
1958,0,1
21948,1,1
7401,0,0
28762,1,1
1222,0,0
27708,1,1
20243,0,0
5492,1,1
3050,0,0
27344,1,1
24821,1,1
8577,0,0
13114,0,0
5247,1,1
21623,1,1
23770,1,1
20073,0,0
15597,0,0
23314,1,1
612,1,1
8929,1,1
1089,1,1
21564,0,0
9308,0,0
23658,0,0
5273,1,0
27801,1,1
15725,0,0
7524,0,0
23905,0,0
28498,0,0
28304,1,1
29179,1,1
15546,1,1
23953,1,1
1561,1,1
13723,1,1
26131,1,1
3805,0,0
19851,1,0
9727,1,1
11793,0,0
6585,0,0
27841,0,0
10381,1,1
21152,0,0
25680,1,1
24722,0,0
4091,0,1
6896,0,0
8598,0,0
17326,0,0
22619,0,0
9464,1,1
7363,1,1
24533,0,0
9193,1,1
27794,0,0
12139,1,1
29331,1,1
5528,0,1
11267,1,1
600,1,1
8350,0,0
19664,0,0
22122,0,1
19298,1,1
6227,1,1
7151,1,1
15734,1,1
15983,1,1
8875,0,0
9505,0,0
28386,1,1
19789,1,1
13990,0,0
21064,0,0
19002,0,0
16106,0,0
26764,0,0
1062,0,0
11942,1,1
16123,1,1
14085,1,1
3699,0,0
23755,0,1
11216,0,0
13757,1,1
13733,0,1
29806,0,0
25391,0,0
24862,0,0
19641,1,1
24254,0,0
26854,0,0
3599,0,0
27997,0,1
18601,0,1
7385,1,1
17140,0,0
21489,1,0
18772,1,1
135,1,1
7796,0,1
1352,1,1
26351,0,0
5682,1,1
10625,1,1
24106,0,0
13554,1,1
25516,1,1
24006,1,1
4940,1,1
1605,1,1
11719,0,0
284,0,0
3602,1,0
9847,0,1
29166,1,1
28999,1,1
12110,0,0
13234,1,1
9762,0,0
2638,1,1
9882,1,1
14284,0,1
23697,0,0
17645,1,1
6281,0,0
8825,1,1
10598,1,1
19438,1,0
15641,1,1
27448,1,1
1054,0,0
25919,0,0
795,1,1
17647,0,0
15674,0,0
23826,1,1
7448,1,1
10237,0,0
10406,1,1
17347,0,1
25906,1,1
19772,0,0
29240,0,0
8965,1,1
4575,1,1
2609,1,1
27819,0,0
15776,0,1
25229,0,0
6656,1,1
2635,0,0
27828,0,0
6875,0,0
2922,1,1
4026,1,1
1808,0,1
12089,1,1
3774,1,1
22881,1,1
16670,0,0
15999,1,1
6007,1,1
18376,1,1
5506,0,0
14792,0,0
4598,0,0
13601,0,0
1829,1,0
24333,0,0
10232,1,1
19200,1,1
22093,1,1
11869,0,1
18646,1,1
17938,1,1
13724,0,0
16629,0,0
16148,0,0
25780,0,0
24777,0,0
24438,0,0
13389,0,0
26440,1,1
27330,1,1
12535,1,1
28331,0,0
14223,0,1
23532,1,1
22163,1,0
10075,0,0
19752,1,1
9858,0,0
11983,1,1
24109,0,0
17419,0,0
2077,0,0
4077,1,1
22944,1,1
25464,1,1
9138,1,1
12887,1,1
4732,1,1
13290,1,1
26856,1,1
9246,1,1
14985,0,0
2179,1,1
3739,0,1
10910,1,1
9011,1,0
1224,1,1
22199,1,1
28707,1,1
2041,1,1
21920,1,1
17558,0,0
4565,0,0
4116,1,1
462,0,0
19891,1,1
25685,1,0
10210,0,0
10312,1,1
26149,0,1
12053,1,1
5613,1,1
22276,1,1
18866,1,1
14747,0,0
18649,0,0
24652,1,1
16728,1,1
11807,0,0
28290,0,1
24532,1,1
2739,1,1
17039,0,0
5012,0,0
17522,1,1
4626,0,0
18602,1,1
27084,1,1
12321,1,1
6493,0,0
8245,0,0
9309,0,0
24379,0,0
9482,1,1
24290,0,0
20893,0,1
8076,1,1
8637,1,0
17435,1,1
16922,0,0
9820,1,1
25250,1,1
12407,1,1
20495,1,1
26470,1,1
17874,0,0
10045,1,1
8344,0,0
29068,1,1
15452,0,0
13438,1,1
13835,0,1
9685,0,0
27128,1,1
2237,0,0
11042,1,1
4420,0,0
6265,0,0
10398,0,0
3541,0,0
9103,1,1
10346,0,0
14893,1,1
25072,0,1
29647,1,1
9625,0,0
7694,0,0
8285,0,0
21101,0,0
7259,0,0
20812,0,1
3752,1,1
2150,1,1
29884,0,0
24676,1,1
16951,1,0
9209,0,0
25555,0,0
21938,1,1
20288,0,0
26156,0,0
519,1,0
16201,0,0
10890,0,0
24140,1,1
1303,0,0
25438,1,1
7334,1,1
150,1,1
10286,1,1
8734,1,1
25602,0,0
18372,1,1
19940,0,0
14444,1,1
207,0,0
10711,1,1
24122,0,0
1682,1,1
9045,0,0
713,0,0
16043,0,0
26486,1,1
17516,1,1
12322,1,1
5772,0,0
1751,1,1
10607,0,1
14219,0,0
20903,1,1
9959,0,0
23391,1,1
21362,1,1
28957,0,0
16761,1,1
21808,1,1
3398,1,1
2506,0,0
28011,1,1
13520,1,1
27698,1,1
1757,0,0
4032,1,1
14118,0,0
1803,1,1
22097,1,1
18399,0,0
28651,0,0
10763,1,1
477,1,1
11865,1,0
11981,0,0
19881,0,0
26930,1,1
23638,0,0
21430,0,0
27177,1,1
8296,1,1
14476,0,1
25686,0,0
25547,0,0
20807,1,1
5632,0,0
21708,1,1
24298,1,1
13540,0,0
20726,1,1
15508,1,1
6249,0,0
27385,1,1
2544,1,1
23695,0,0
19900,0,0
14023,0,0
3054,1,1
28801,0,0
26340,1,1
11005,0,0
5324,1,1
24522,0,0
22641,1,0
21821,0,0
15218,1,1
21660,1,1
5359,1,1
27231,1,0
24139,1,1
23420,1,1
9506,0,0
9262,0,0
14053,1,1
16382,0,1
29955,1,1
14547,1,1
28340,1,1
8610,0,0
890,1,1
24238,0,1
12586,1,0
19144,0,0
1282,1,1
28573,0,0
14040,1,1
20770,1,1
19304,0,0
5481,0,0
14560,1,1
3803,0,0
697,1,1
28112,1,1
13762,1,1
17037,0,0
23379,1,1
14972,0,0
26299,0,0
19339,1,1
10602,1,1
24633,0,0
1729,0,0
6784,0,0
2201,1,1
8111,0,0
22312,1,0
10256,1,1
26985,0,0
6224,0,0
9997,1,0
13923,0,0
11909,1,1
23069,0,0
11868,1,1
2253,0,0
20806,1,1
6415,0,0
25676,0,0
26820,1,1
16053,1,1
20282,0,0
21220,0,0
5456,1,1
10284,1,1
7079,0,0
21387,1,1
22639,1,1
20299,1,1
649,0,1
27481,0,1
6382,1,1
524,0,0
18547,1,0
29620,0,0
5423,0,1
18388,1,1
11193,0,0
28492,1,1
7070,1,1
10621,0,0
26739,1,1
14714,0,0
6123,1,1
13618,0,0
12268,1,1
6981,0,0
25673,0,0
832,0,0
15475,0,0
28786,0,0
5406,1,1
3007,1,1
29470,1,1
22782,1,1
9680,0,1
9229,0,0
7663,1,1
3506,1,1
27815,1,1
13211,1,1
15418,0,0
27139,1,1
22258,1,1
23650,1,0
25938,1,1
23411,0,1
9937,0,0
23306,0,0
25344,1,1
16768,0,1
12022,1,1
28536,0,0
10660,1,1
29467,1,1
2892,0,0
19837,1,1
25334,1,1
10488,1,1
9358,1,1
28738,1,1
23731,1,1
25145,0,0
13032,1,1
13304,0,0
10868,1,1
21399,0,0
5201,0,1
26951,0,0
3504,0,0
7330,1,1
16541,0,0
3106,0,0
5977,1,1
27143,1,0
3972,1,1
28125,1,1
17845,0,0
29762,1,1
10141,0,0
29767,0,0
29736,1,1
13908,1,1
15055,0,0
768,1,1
2669,1,1
16662,0,0
6047,0,0
11012,1,1
26888,0,1
9642,0,0
11339,1,1
28394,1,1
18182,0,1
29744,0,0
28264,0,0
15820,1,1
339,1,1
23926,1,1
15687,1,1
28149,0,0
16317,1,1
13204,1,1
8067,0,0
20502,1,1
11311,0,0
12412,1,1
29546,1,1
22445,1,1
19689,1,1
22068,1,1
26278,0,0
14838,1,1
22934,0,0
3917,1,1
10951,0,0
11986,1,1
27074,0,0
18680,0,0
14950,1,1
1583,0,0
6362,1,1
16388,1,1
17336,0,0
23736,0,0
5070,0,0
7886,1,1
8987,0,0
25371,1,1
23701,1,1
5697,1,1
9605,0,0
15694,0,0
2903,0,0
834,1,1
4857,1,1
8161,1,1
29028,1,1
8319,0,1
25741,0,1
17265,1,1
25225,0,0
4330,0,0
8696,0,0
6723,1,1
17207,0,0
4448,1,1
26784,1,1
4694,1,1
14852,0,0
2145,0,0
9923,0,0
3269,0,0
12728,0,0
25767,0,0
10456,0,0
6497,1,1
27977,1,1
18438,1,1
16006,0,0
27707,1,1
11563,0,0
14603,1,1
17639,0,0
20019,1,1
7740,0,0
16075,0,0
16120,1,1
7322,0,0
5220,1,1
9880,0,0
21737,1,1
10085,0,0
2801,1,1
11619,1,1
24262,1,1
21772,1,1
18276,1,1
10282,0,0
16895,0,0
16339,1,1
20909,0,0
21210,0,0
25878,0,0
17598,0,0
7217,0,0
6486,0,0
18811,1,1
21492,1,0
11976,1,1
638,0,0
9853,0,0
6824,1,1
12796,0,0
20647,1,1
19796,0,0
22136,0,1
5131,1,1
10224,0,0
1540,1,0
8320,1,1
29147,0,0
2104,0,0
20835,1,1
15886,0,0
4613,0,1
14670,0,0
8900,0,0
10789,0,0
19561,1,0
12511,0,0
5270,0,0
6290,1,1
7135,0,0
14672,1,1
3890,1,1
25463,1,1
170,1,1
14897,0,0
21882,0,0
29047,0,0
1260,1,1
10927,0,0
2547,0,0
10900,1,1
15527,1,1
16500,1,1
6826,0,0
24459,0,0
17109,0,0
24702,0,0
14130,0,0
4101,0,0
27850,0,0
26583,1,1
25572,1,1
25816,1,1
13282,0,0
29856,1,1
1099,0,0
1069,1,1
63,0,0
29869,1,1
11845,0,0
17866,1,1
24403,0,0
12763,0,0
17238,0,0
8796,0,1
15840,0,0
22432,1,1
19333,1,1
21674,0,0
615,0,0
19668,0,0
21471,0,0
10140,1,1
4023,0,0
3255,1,1
26066,0,0
9785,0,0
2469,0,0
22996,0,1
25705,1,1
527,1,1
5467,1,1
7307,1,1
24235,1,1
6345,1,1
26020,1,1
4754,0,0
20022,1,1
8889,1,1
18766,1,1
4005,1,1
555,1,1
29387,1,1
28643,0,0
2844,1,1
2995,0,0
27134,0,0
8417,0,0
22813,0,0
28399,1,1
7273,1,1
166,1,1
9965,0,0
3666,0,0
29290,0,1
26904,1,1
19343,1,1
23732,1,1
27952,1,1
8540,0,0
9813,1,1
17474,1,1
8683,1,1
2505,1,1
13533,1,1
14447,1,1
29192,0,0
27681,0,0
27248,0,0
11695,1,1
18432,1,1
7350,1,1
24309,0,0
20646,0,0
19583,1,1
29490,1,1
6816,1,1
16083,1,1
1609,1,1
21680,1,1
11421,1,1
24899,0,0
7345,0,0
1913,0,0
14047,1,0
16627,1,1
9597,1,1
8478,0,0
18523,1,0
1071,1,1
28408,0,0
8999,1,1
19461,0,0
1470,0,0
2177,1,1
4989,1,1
845,0,0
22462,0,0
14062,1,1
15617,1,1
17396,1,1
137,1,1
14228,0,0
23024,0,0
4949,1,0
12861,1,1
9141,0,0
26559,0,0
19576,1,1
18893,1,1
21379,0,0
4684,0,0
13809,1,1
3472,0,0
18301,0,1
4998,1,1
10365,1,1
20988,1,1
18404,1,1
18337,0,0
20622,1,1
17132,0,0
15774,1,1
25419,1,1
23319,0,0
20157,0,0
11946,0,0
15049,1,1
28363,0,0
10876,1,1
17380,0,0
18409,0,0
14526,1,1
5041,1,1
20455,1,1
15869,0,0
25699,1,1
29142,0,0
11261,1,1
24923,1,1
24802,1,1
1063,1,1
13831,0,0
14204,0,0
1769,0,0
21631,0,0
3317,0,1
6830,1,1
10331,1,1
678,0,0
10547,0,0
6897,1,1
19947,0,0
5879,1,1
25641,0,0
24169,0,0
15538,0,0
20317,0,0
27443,0,0
789,0,0
6335,1,1
545,0,0
18050,0,0
23763,1,0
15220,1,1
4716,1,1
23634,1,1
1972,1,1
27891,1,1
25392,0,0
20307,0,0
26327,1,1
16742,1,1
23969,0,0
1702,0,0
18162,1,1
19108,0,0
22566,0,0
16817,0,0
18763,1,1
12066,0,0
12915,1,0
1827,1,1
14470,0,0
26363,1,1
2456,1,1
24854,1,1
29007,0,0
7076,0,0
3083,0,0
14664,1,1
14410,1,1
2979,0,0
5049,0,0
19358,1,1
24302,1,1
6992,0,0
22194,0,0
5043,0,0
18967,0,0
16534,0,0
16474,1,1
25204,1,1
22879,1,1
19738,0,0
2881,0,0
14070,1,1
15819,0,0
16236,1,1
27588,1,1
6630,1,1
9381,0,0
2699,1,1
19300,0,0
22657,0,0
14746,0,0
20283,0,0
28579,0,0
17194,0,0
29912,1,1
12611,0,0
27491,1,1
27265,1,1
14938,0,0
17752,1,1
14337,1,1
16788,0,0
14358,1,1
1846,0,0
26037,1,1
4847,1,1
18436,1,1
26597,1,1
17074,1,1
17730,1,1
17177,0,0
21744,0,0
5538,1,0
20247,1,1
9463,1,1
28851,1,1
1465,1,1
22574,1,1
18067,0,1
17990,1,1
11332,1,1
27885,0,0
13289,0,0
8612,0,0
16157,1,1
13583,1,1
19116,0,0
24060,0,0
15969,1,1
5863,1,1
10154,1,1
28330,0,0
11147,0,0
19676,1,1
8494,0,0
17379,1,0
20889,0,0
23698,1,1
18560,1,1
12196,1,1
21957,1,1
19608,0,0
24498,0,0
29196,1,1
14393,1,1
29566,0,0
122,0,0
16185,0,0
14427,1,1
21258,1,1
12389,1,1
517,0,0
16859,1,1
429,1,1
10064,1,1
1212,0,0
3392,1,1
17532,1,1
15141,0,0
19627,1,0
1267,1,1
19435,0,1
9019,0,0
12094,0,0
21570,0,0
17512,1,1
7134,0,0
15556,1,1
12944,0,0
6158,1,1
29562,0,0
15276,1,1
5823,0,0
19946,0,1
18663,1,1
1515,1,0
9374,1,0
416,1,0
12615,0,0
12455,1,1
21932,1,1
17781,1,0
20465,1,1
19430,1,0
7662,0,0
4633,0,0
29073,0,0
8266,1,1
10500,1,1
18389,0,0
7587,0,0
8064,1,1
7466,1,1
23183,1,1
10266,0,0
11036,0,0
1366,0,0
4519,0,0
12265,0,0
18652,1,1
14980,0,0
3947,1,1
5065,0,0
927,1,1
10046,0,0
2236,0,0
26069,1,1
8998,1,1
12123,1,1
5030,0,1
18330,1,1
5617,1,1
7614,1,1
8867,1,1
3638,0,1
2362,1,1
23106,0,0
13981,0,0
11096,1,1
5078,1,1
15040,1,1
21094,0,0
4466,1,0
3498,0,0
12257,1,1
2847,0,0
6221,0,0
23269,1,1
20375,1,1
14630,1,0
18048,1,1
10309,1,0
3300,1,1
10395,1,1
9372,0,0
11049,1,1
24223,1,1
14635,0,0
22271,0,0
29756,1,1
22447,0,0
25137,0,0
5333,1,1
6596,1,1
705,0,0
15866,0,1
21736,1,1
9499,1,1
15119,1,1
17942,0,0
64,0,0
8181,0,1
8294,1,1
15024,0,0
26937,0,1
5394,0,0
28421,1,1
20687,0,0
10089,1,1
